{"cameraMode":{"drawMode":0,"name":"Shaded","section":"Shading Mode"},"sceneLighting":true,"audioPlay":false,"sceneViewState":{"showFog":true,"showMaterialUpdate":true,"showSkybox":true,"showFlares":true,"showImageEffects":true,"showParticleSystems":true},"in2DMode":false,"pivot":{"x":0.34362366795539858,"y":1.9626576900482178,"z":1.5713673830032349},"rotation":{"x":0.09824267774820328,"y":-0.007165743038058281,"z":0.0007608972955495119,"w":0.9951887130737305},"size":5.506289005279541,"orthographic":false}