{"cameraMode":{"drawMode":0,"name":"Shaded","section":"Shading Mode"},"sceneLighting":false,"audioPlay":false,"sceneViewState":{"showFog":true,"showMaterialUpdate":true,"showSkybox":false,"showFlares":true,"showImageEffects":true,"showParticleSystems":true},"in2DMode":false,"pivot":{"x":-4.243133544921875,"y":7.0,"z":4.900000095367432},"rotation":{"x":0.42490172386169436,"y":0.015216438099741936,"z":-0.0071088289842009548,"w":0.9051313996315002},"size":8.203031539916993,"orthographic":false}